"nLayers","nNodes","MSE"
1,1,77.693450686941
1,2,73.5692810826999
1,3,73.515469408362
1,4,72.9346136446197
1,5,73.3610232754981
1,6,73.228748961321
1,7,73.0933834714007
1,8,72.3077665173685
1,9,71.8038811149148
1,10,72.677429169314
1,11,74.9261253856109
1,12,72.9062564648281
1,13,71.8781459063171
1,14,72.2760696611372
1,15,73.7153665564855
1,16,72.8693230151136
1,17,75.3943334860751
1,18,74.1859864402896
1,19,72.7159596595065
1,20,75.7048571384268
1,21,71.684388064849
1,22,73.1607643475801
1,23,74.7479393453087
1,24,72.9085174563889
1,25,71.8513032296926
1,26,72.7169766301465
1,27,75.4510825988602
1,28,73.4756984521222
1,29,72.7883515620589
1,30,71.800859401228
1,31,73.6440701405576
1,32,73.3256282963169
1,33,73.1501672546872
1,34,77.7272872544386
1,35,75.0129582878764
1,36,74.0617286991197
1,37,72.7568247661318
1,38,74.8499207425172
1,39,73.7980497527621
1,40,72.2912487894814
1,41,73.6489848241428
1,42,73.3085183833427
1,43,75.2863867779702
1,44,74.0706751293619
1,45,77.6961833591362
1,46,73.730351893859
1,47,74.5011509303367
1,48,74.166801846898
1,49,75.6711793803815
1,50,72.2748755973108
1,51,72.3983524895731
1,52,72.1172358593862
1,53,74.0914614807181
1,54,72.0231489897748
1,55,75.7133537989258
1,56,73.7020252615274
1,57,74.92625517389
1,58,75.2979001263002
1,59,73.5018607814044
1,60,72.4145811042764
2,1,72.4145811042764
2,2,73.084725782716
2,3,74.2688388675461
2,4,73.3112220304904
2,5,72.9201275388662
2,6,73.8088081565645
2,7,74.7651635016124
2,8,73.2409771495112
2,9,75.4963652528536
2,10,78.9673548169334
2,11,74.1865869561496
2,12,77.6793311824918
2,13,78.0520017319985
2,14,82.5754953047819
2,15,80.5081131342435
2,16,75.8898671390642
2,17,81.4215996366753
2,18,80.4976067697507
2,19,79.5550550897143
2,20,77.4591119428068
2,21,76.1560256262984
2,22,76.1690794810052
2,23,76.2794711364503
2,24,77.9273813687704
2,25,87.3456844034986
2,26,72.7726446298791
2,27,77.6837675096884
2,28,80.0767773898451
2,29,82.9154978448545
2,30,78.8351221544346
2,31,80.1867332407019
2,32,82.298597081704
2,33,78.5812840593539
2,34,74.6412235608127
2,35,79.7465483709469
2,36,77.1628581171885
2,37,78.5347191162029
2,38,82.4504034552613
2,39,82.4158425833495
2,40,85.9294557111367
2,41,79.6085618764554
2,42,75.1231030531186
2,43,73.3513622860656
2,44,78.5503716130711
2,45,75.9911997982943
2,46,81.3789528557707
2,47,83.6186248568107
2,48,78.2388341035053
2,49,79.8336542002833
2,50,76.4267980294857
2,51,83.2047885610273
2,52,77.6263276183615
2,53,86.6590198225033
2,54,80.974908242456
2,55,81.3079180605323
2,56,79.4879890684893
2,57,73.4405042898679
2,58,72.5873482968422
2,59,87.0783006752478
2,60,86.4295948145098
3,1,86.4295948145098
3,2,72.748134105312
3,3,74.6470617852588
3,4,79.7904328819168
3,5,75.424201730976
3,6,76.1466846259468
3,7,81.8053791866424
3,8,75.1347769081926
3,9,84.0915819503772
3,10,74.1250919640437
3,11,87.3493097480624
3,12,78.6593911791862
3,13,72.3260257618762
3,14,85.1245012843644
3,15,82.4054343805207
3,16,82.8246246192433
3,17,82.0120155829026
3,18,75.4851616852608
3,19,84.9868794802264
3,20,80.7359536461349
3,21,85.2786599096658
3,22,81.6010417719047
3,23,83.9092044537399
3,24,77.2737471032504
3,25,78.7713583693136
3,26,85.0346442582898
3,27,83.3430390793647
3,28,77.186854074775
3,29,77.7372427582945
3,30,79.5972314804472
3,31,75.0908061579119
3,32,77.446405698482
3,33,85.2556001800681
3,34,78.5952740449458
3,35,79.0709369338797
3,36,78.6964757308037
3,37,82.9387205133597
3,38,85.4128806231331
3,39,82.6420732573268
3,40,85.9674968870425
3,41,81.5162899497991
3,42,81.02437866263
3,43,77.4262220539241
3,44,78.1739743265372
3,45,81.5426759961724
3,46,86.8236571404615
3,47,90.1241346991341
3,48,79.2052299110183
3,49,74.865177610422
3,50,83.8413297472642
3,51,80.8682361658923
3,52,83.0944229913997
3,53,84.5782588402546
3,54,86.691169566687
3,55,79.9971252877987
3,56,84.3540441924378
3,57,79.6445435347642
3,58,81.4568115709137
3,59,80.4958344113916
3,60,79.3133443533528
4,1,79.3133443533528
4,2,79.3133443533528
4,3,75.2720121495148
4,4,75.6435690981142
4,5,73.9195257407444
4,6,78.0044080359052
4,7,75.5400414302842
4,8,80.2189191029291
4,9,92.6070516634675
4,10,80.5263855982857
4,11,74.0357980570144
4,12,77.4099444615906
4,13,84.5039570197789
4,14,77.3718660392496
4,15,77.5848029087317
4,16,80.6606896847027
4,17,78.8669370363141
4,18,88.1963505906796
4,19,86.0622039699382
4,20,78.9606127018356
4,21,89.5628604904999
4,22,77.099489179847
4,23,88.1576751896213
4,24,86.8661400501497
4,25,87.7295567506319
4,26,75.8453430087304
4,27,80.648486451632
4,28,86.5305236753157
4,29,87.3600829392146
4,30,75.9118872462232
4,31,80.660322696159
4,32,78.6587845617785
4,33,73.6680122251408
4,34,80.6691882665575
4,35,80.6372099310042
4,36,79.4191680587613
4,37,85.4955016922819
4,38,86.8882142860521
4,39,77.1905096805274
4,40,85.534918999995
4,41,84.6263997202269
4,42,89.9922332801909
4,43,88.6363184442488
4,44,81.3812428897091
4,45,84.0058632603436
4,46,81.3031996862983
4,47,96.0291343617512
4,48,83.8711815882515
4,49,79.7227332308444
4,50,88.7025847573568
4,51,89.1320823191745
4,52,81.9264138751181
4,53,74.7438152400017
4,54,80.5686002367385
4,55,75.688667137164
4,56,75.6528648699521
4,57,81.3416341011194
4,58,76.9165534598373
4,59,82.3044759661816
4,60,91.2390768177588
5,1,91.2390768177588
5,2,91.2390768177588
5,3,1741.09769008755
5,4,77.9209254738038
5,5,89.0935608648338
5,6,88.8304241263928
5,7,78.936963689364
5,8,86.9935122113129
5,9,78.7011399838135
5,10,84.4932209264705
5,11,90.597031124181
5,12,86.8687733618893
5,13,106.416177997152
5,14,95.8931937907881
5,15,87.7132297190257
5,16,83.2225391378322
5,17,78.8830989053496
5,18,77.0629619960613
5,19,91.0713444095418
5,20,95.8237001316432
5,21,91.1763202391373
5,22,76.0487905259632
5,23,86.3175589581527
5,24,88.325005165294
5,25,92.1742282302386
5,26,79.2161735437506
5,27,80.168014892187
5,28,85.0243790042907
5,29,85.520732177868
5,30,87.9269086924101
5,31,79.9641236238161
5,32,78.8739411150604
5,33,76.0991997781497
5,34,90.5226190360558
5,35,77.0315365226395
5,36,89.1989884593951
5,37,76.7121792615087
5,38,78.3856603193478
5,39,79.4512980809369
5,40,88.4388807414376
5,41,82.7898291731609
5,42,76.0834624577914
5,43,78.3762190873602
5,44,82.5186865115019
5,45,82.7833196249371
5,46,78.7186794639844
5,47,87.7011238946446
5,48,79.0394032985332
5,49,78.2023314176743
5,50,81.5824138198711
5,51,80.5401217659851
5,52,78.5128597618648
5,53,94.0735428268625
5,54,75.0411389511648
5,55,79.5074786666175
5,56,75.1584392042716
5,57,87.8421354017635
5,58,77.6592496973956
5,59,79.1422602398147
5,60,93.2352762042713
6,1,93.2352762042713
6,2,93.2352762042713
6,3,102.164482859575
6,4,89.0696956062866
6,5,77.3724248585532
6,6,81.2030204245202
6,7,81.8830579568667
6,8,95.7890274054666
6,9,85.965651885417
6,10,89.7517829589837
6,11,72.9976632701663
6,12,85.776581132392
6,13,97.8032947593569
6,14,79.474638127094
6,15,75.5329167660934
6,16,80.8475880341219
6,17,76.8818309909555
6,18,79.5120041645684
6,19,89.9987473021151
6,20,74.719396076273
6,21,91.5134073919874
6,22,77.0028181879192
6,23,76.1532862917573
6,24,80.4057410186477
6,25,84.9958674596106
6,26,80.7656161870019
6,27,87.0206548336913
6,28,77.7301254930663
6,29,78.369580566119
6,30,79.0172148294433
6,31,80.7341007684941
6,32,91.4848846963124
6,33,80.931474748926
6,34,79.6660061693763
6,35,80.1259067617981
6,36,76.2772383894429
6,37,88.8706775726707
6,38,85.9239801546457
6,39,81.2895583161281
6,40,78.2056608473763
6,41,85.5779701519821
6,42,84.5651689131345
6,43,86.1036025404504
6,44,89.5360520712461
6,45,76.2169856079478
6,46,85.3180901661214
6,47,95.3693051390164
6,48,93.0893378048075
6,49,79.3283941721131
6,50,78.1955056213643
6,51,86.4527311687394
6,52,94.5701807731156
6,53,78.2478656328428
6,54,75.7383888108593
6,55,78.3519152207781
6,56,82.1742364369905
6,57,77.2947536357236
6,58,76.80486374031
6,59,80.0661651716687
6,60,91.9376234638395
7,1,91.9376234638395
7,2,91.9376234638395
7,3,77.9418581200009
7,4,73.0138425267064
7,5,89.1889317659995
7,6,77.5087241714767
7,7,78.0472130575519
7,8,74.9468638955567
7,9,87.5205336231172
7,10,100.946883947396
7,11,84.0192559853547
7,12,77.7691240387478
7,13,87.6252232379826
7,14,89.8529267759667
7,15,93.6824718128142
7,16,88.3231586623896
7,17,78.3830886828573
7,18,81.2652477053547
7,19,79.2355497825232
7,20,77.315348207694
7,21,74.8791365635049
7,22,83.0671429010108
7,23,96.835200890663
7,24,91.8294756971219
7,25,88.5576085240878
7,26,92.4853157827132
7,27,87.8627016365806
7,28,88.1413657689605
7,29,89.3271388624432
7,30,82.9564195624149
7,31,77.163980252404
7,32,89.0120238483751
7,33,92.7378347227868
7,34,83.477578746749
7,35,90.7845603675841
7,36,84.3793037959302
7,37,74.2627009995902
7,38,95.1215568030308
7,39,93.1210438285644
7,40,87.5475257653936
7,41,77.4906402259239
7,42,83.0671812017501
7,43,88.1793953698707
7,44,76.2049170605267
7,45,85.1212394316679
7,46,87.3514468293616
7,47,85.1755481601346
7,48,77.6929024446819
7,49,78.0388808672004
7,50,76.8779588226866
7,51,83.3888552441269
7,52,77.9378874581327
7,53,78.1166171649782
7,54,90.3345746290122
7,55,77.1827886967027
7,56,82.2014653465528
7,57,103.271142695214
7,58,83.4703335738388
7,59,80.7651156885844
7,60,81.7530543353806
8,1,81.7530543353806
8,2,81.7530543353806
8,3,88.8192748616708
8,4,74.8099965398626
8,5,84.4047919598367
8,6,78.7284542261885
8,7,83.2188257483731
8,8,77.4033968335659
8,9,85.6948126997602
8,10,77.7010238233168
8,11,81.2705342426365
8,12,86.373705284251
8,13,78.2974591287031
8,14,85.3334115516304
8,15,95.6864576890411
8,16,88.8444653113341
8,17,92.8634475608929
8,18,75.045575741865
8,19,85.3844199388065
8,20,92.1946381669351
8,21,76.1402082200815
8,22,85.5184774253167
8,23,95.3649406638799
8,24,95.4446355185682
8,25,76.6141346668982
8,26,77.7242568134416
8,27,89.1765069619685
8,28,90.9792411841595
8,29,86.4967382757001
8,30,94.5417107158672
8,31,82.62764358765
8,32,80.5356682503491
8,33,90.2512820516321
8,34,89.2923342953269
8,35,83.4505587390372
8,36,81.5190621976114
8,37,86.5572154165325
8,38,75.9904444296951
8,39,90.0516525700234
8,40,80.0846673149513
8,41,77.2618682637287
8,42,77.7400886267199
8,43,80.6553790783579
8,44,76.8025767164327
8,45,85.31609160627
8,46,95.5032184941231
8,47,79.776571528489
8,48,82.7361410801866
8,49,79.3872532159388
8,50,74.5318603922404
8,51,100.614228728383
8,52,88.7526418046909
8,53,77.8548401010809
8,54,89.7288175909392
8,55,80.4466359735397
8,56,89.8316979454188
8,57,77.0595799121187
8,58,85.2417651020035
8,59,78.7531451117078
8,60,79.9309921511225
9,1,79.9309921511225
9,2,79.9309921511225
9,3,159.403685235315
9,4,84.5959398190244
9,5,121.799190760768
9,6,116.337501925773
9,7,75.7749779752322
9,8,83.8961396898406
9,9,76.6264905009348
9,10,94.0408088944036
9,11,78.8843994700331
9,12,101.076097878548
9,13,76.5844122300644
9,14,79.4473323913315
9,15,86.3339221228233
9,16,85.6696509309329
9,17,89.8037822451272
9,18,92.8709179536682
9,19,106.435071993602
9,20,90.390914624301
9,21,84.9314130996214
9,22,77.1239810106555
9,23,91.8647398256427
9,24,87.9693351815354
9,25,79.6387245113965
9,26,78.182883804028
9,27,80.679914931362
9,28,94.762602027788
9,29,97.5326546867456
9,30,91.2751126719097
9,31,87.2202167693167
9,32,78.5239879353984
9,33,77.9941603726869
9,34,79.9043381209282
9,35,94.4276759437522
9,36,77.6893851883905
9,37,81.8267860129351
9,38,76.2747044897699
9,39,83.3964839944482
9,40,79.4513673004726
9,41,81.2995167339193
9,42,82.2740261408742
9,43,75.1417076728874
9,44,81.3130836887088
9,45,85.4262103361663
9,46,86.1042656788273
9,47,78.8064301744312
9,48,85.1892639379682
9,49,78.9641854882662
9,50,75.8773775038048
9,51,80.6563216455464
9,52,93.2466192290337
9,53,74.8222222403312
9,54,75.2217909191044
9,55,79.3642691852978
9,56,82.9046538328273
9,57,96.5804726126892
9,58,80.4949498175518
9,59,77.9838188607483
9,60,75.7482227607875
10,1,75.7482227607875
10,2,75.7482227607875
10,3,75.7482227607875
10,4,75.7482227607875
10,5,74.2607692587841
10,6,97.1291473288382
10,7,100.605267086219
10,8,77.080255962555
10,9,90.0816499452115
10,10,84.3834733054204
10,11,77.722604796339
10,12,80.1444924620734
10,13,90.6530037895847
10,14,98.8359869539443
10,15,101.96401696814
10,16,105.368081046624
10,17,89.6423248576199
10,18,96.403269389852
10,19,79.7957180139093
10,20,101.063366415434
10,21,100.645547398905
10,22,83.3560243775027
10,23,90.9482936856186
10,24,84.9040412860567
10,25,90.0102636643644
10,26,95.7322453920165
10,27,84.743544205547
10,28,91.2855282288729
10,29,80.9523826826943
10,30,97.3004141704103
10,31,86.8443864199836
10,32,77.6956802669258
10,33,106.615824021846
10,34,76.4080054637962
10,35,92.0794862170731
10,36,93.9363701719404
10,37,83.4627083727441
10,38,76.0376591735263
10,39,94.5840747683952
10,40,82.5913306439412
10,41,107.029619298425
10,42,76.3567651314637
10,43,76.2847428515247
10,44,86.0619357145805
10,45,115.500275991618
10,46,82.4603822456936
10,47,95.3476585592958
10,48,88.0997476010163
10,49,90.6184325682396
10,50,88.4276946444689
10,51,77.5786375225656
10,52,99.6335453198983
10,53,76.2223825983066
10,54,82.346861110928
10,55,87.0543590882702
10,56,75.9678760504493
10,57,77.7086076080286
10,58,78.1064553813056
10,59,84.4139473101743
10,60,80.3145235285702
11,1,80.3145235285702
11,2,80.3145235285702
11,3,80.3145235285702
11,4,126.778252776172
11,5,107.829095888412
11,6,87.8955703594238
11,7,84.4471113857573
11,8,81.4566135798375
11,9,102.194245696856
11,10,95.5986119803605
11,11,93.5256854577967
11,12,85.1500002905472
11,13,91.2425854554616
11,14,84.0035064189723
11,15,96.1599786815613
11,16,96.7745444392763
11,17,84.5038119889933
11,18,102.042234288184
11,19,77.4394002368405
11,20,76.0007875792096
11,21,102.127357537501
11,22,80.2735856601433
11,23,83.6327270600388
11,24,78.4188327828811
11,25,79.1607087843464
11,26,96.3616075833492
11,27,96.6154425160978
11,28,76.2045423044516
11,29,77.4824688874249
11,30,99.9378896441976
11,31,79.0518209676988
11,32,105.726445790504
11,33,78.7888365444354
11,34,82.2391994531839
11,35,92.0040773601149
11,36,86.6871307383477
11,37,78.8878970022682
11,38,89.2969346411383
11,39,82.1793814012723
11,40,76.6870517485793
11,41,78.4140463733108
11,42,87.1724261215985
11,43,97.0342041364296
11,44,81.4044231757337
11,45,90.0125437094351
11,46,100.331502750129
11,47,85.4235358849782
11,48,79.4774281955236
11,49,93.7397249404757
11,50,80.3059395466135
11,51,80.5487439759569
11,52,82.9392219372957
11,53,98.6692054979255
11,54,80.1669030128491
11,55,96.4337500385689
11,56,77.7554653106928
11,57,96.4889369178105
11,58,78.7431420914157
11,59,83.3905727327033
11,60,88.1110824523824
12,1,88.1110824523824
12,2,88.1110824523824
12,3,88.1110824523824
12,4,88.1110824523824
12,5,88.1110824523824
12,6,80.0691276469197
12,7,80.1406806944821
12,8,87.3103935869478
12,9,77.5377594881944
12,10,86.7314983827671
12,11,88.6983283405878
12,12,89.0803918063328
12,13,83.7125198483303
12,14,76.9349949373495
12,15,92.9279491765508
12,16,82.5991186760624
12,17,83.6789188224694
12,18,102.998585858673
12,19,93.7016360523361
12,20,81.3823101252642
12,21,91.2842934649502
12,22,86.7489217766002
12,23,75.1770678423315
12,24,92.8596306803509
12,25,114.376766924839
12,26,78.0276199357747
12,27,80.7557737703684
12,28,88.6229652374736
12,29,103.415880259747
12,30,81.6426416031908
12,31,78.0411699559801
12,32,88.8382471798892
12,33,77.6153150928726
12,34,77.9988743439904
12,35,79.0140363293569
12,36,89.122585604703
12,37,84.4481902527432
12,38,73.841734040501
12,39,103.719936050794
12,40,88.4339995811852
12,41,77.9555724210058
12,42,85.272453540751
12,43,83.1229555189265
12,44,91.3316169338916
12,45,79.9511636980371
12,46,78.5084689928765
12,47,87.1397611254766
12,48,78.5009519309034
12,49,76.6757005565761
12,50,109.059892273081
12,51,82.2002834395759
12,52,112.597434761248
12,53,93.3550686112486
12,54,80.1632022152819
12,55,113.086526425062
12,56,83.2323040062242
12,57,92.1927270103757
12,58,85.7898735433302
12,59,87.1866223323488
12,60,105.128021842805
13,1,105.128021842805
13,2,105.128021842805
13,3,105.128021842805
13,4,85.2478883295787
13,5,107.359573886517
13,6,148.041034528886
13,7,78.407277241789
13,8,88.1017102681644
13,9,92.4088659295661
13,10,82.7794937290469
13,11,76.5438252811611
13,12,112.704947493676
13,13,81.2240709073913
13,14,97.9725550084487
13,15,92.3482273856432
13,16,91.3067439268472
13,17,80.4469853439417
13,18,80.6031693533513
13,19,76.7203265067581
13,20,86.8696708298148
13,21,80.6364760819785
13,22,88.832806214851
13,23,102.275400434402
13,24,93.8939644282753
13,25,81.5443032187057
13,26,89.2728580129318
13,27,79.1694554520163
13,28,89.3213629792088
13,29,82.2351228847951
13,30,80.0101106419909
13,31,75.7107018431076
13,32,89.9137339932106
13,33,79.9442599119746
13,34,115.426707715271
13,35,85.0323862056109
13,36,97.69717606171
13,37,76.8017054041291
13,38,79.1734735874678
13,39,77.2297270310935
13,40,78.98154044668
13,41,108.251850843822
13,42,96.3368677074056
13,43,86.2451367505002
13,44,106.997730415741
13,45,95.3966667384184
13,46,78.7455323429058
13,47,77.3782121226737
13,48,106.868150722277
13,49,81.6819057411592
13,50,85.3035811264532
13,51,78.1941400018647
13,52,77.3568031576262
13,53,98.8333601646308
13,54,87.3273367258433
13,55,101.689232344703
13,56,78.049182560827
13,57,89.7533757181579
13,58,78.0378257156114
13,59,75.9732234673431
13,60,74.6501586303568
14,1,74.6501586303568
14,2,74.6501586303568
14,3,74.6501586303568
14,4,131.380593729116
14,5,131.380593729116
14,6,82.4191431409577
14,7,108.052788823688
14,8,86.1950162286841
14,9,84.4448457092877
14,10,80.3769536194763
14,11,84.1387489520651
14,12,89.4171258175987
14,13,84.9739768137992
14,14,86.4080760443102
14,15,101.996842497392
14,16,99.2341612467203
14,17,89.4811417879871
14,18,90.1422105767888
14,19,104.221510499562
14,20,94.5770975418806
14,21,75.7673463934706
14,22,80.5114660577624
14,23,77.8585684445818
14,24,86.3451328738217
14,25,98.1282097861349
14,26,87.4090998166801
14,27,105.539708724346
14,28,78.1682292538726
14,29,91.6684401896092
14,30,92.1276502891395
14,31,117.667963405507
14,32,111.399608430084
14,33,80.0148118084659
14,34,81.807800473643
14,35,127.624545013683
14,36,94.5388032552945
14,37,79.8598713107775
14,38,83.4566006724728
14,39,82.8675296363272
14,40,101.427340430501
14,41,83.3404079546547
14,42,93.8452466639028
14,43,79.2921457739151
14,44,90.4970949455658
14,45,86.3551902997725
14,46,78.9766441905452
14,47,75.6844781374596
14,48,86.7688285126667
14,49,83.0601727313264
14,50,77.9446877246388
14,51,83.1209233813072
14,52,90.8296674411478
14,53,90.9739924987172
14,54,77.1643557829668
14,55,75.8651916181842
14,56,77.9710216308702
14,57,84.6319884452059
14,58,83.9219748795199
14,59,79.7265376964935
14,60,80.9550944852452
15,1,80.9550944852452
15,2,80.9550944852452
15,3,80.9550944852452
15,4,80.9550944852452
15,5,91.6861157099509
15,6,82.2666782414815
15,7,100.04308629318
15,8,86.4828241343131
15,9,121.753771197665
15,10,96.6790527561925
15,11,79.7655121830317
15,12,108.172391227334
15,13,87.6071896138865
15,14,92.4409353437377
15,15,80.1692622459137
15,16,76.0343454269756
15,17,88.3203571916005
15,18,106.103071321224
15,19,94.1587509179279
15,20,88.6335603430005
15,21,87.1198859842216
15,22,81.7860238551889
15,23,80.3429020042797
15,24,102.457291164435
15,25,86.6498735511029
15,26,82.3715437304713
15,27,95.6550909855222
15,28,79.4515531833965
15,29,79.5664866058038
15,30,80.2385389830759
15,31,80.5384874788051
15,32,77.4995776477053
15,33,82.5208575385478
15,34,96.2228318213562
15,35,78.5869206940006
15,36,97.306741198398
15,37,77.4554501886869
15,38,78.9222019365984
15,39,86.336539561038
15,40,91.9883739357788
15,41,79.6286778272891
15,42,105.245484431041
15,43,80.8817497336638
15,44,77.5360363709923
15,45,101.672276485023
15,46,77.155750409012
15,47,78.3149150493117
15,48,84.9987294952703
15,49,88.5618399074809
15,50,79.6497235741187
15,51,104.066884654571
15,52,79.5841385072713
15,53,93.2849073968455
15,54,78.3454130615731
15,55,99.1977756204288
15,56,83.255404799432
15,57,80.7539079364696
15,58,78.9293015682533
15,59,79.9084464469992
15,60,104.545218352162
16,1,104.545218352162
16,2,104.545218352162
16,3,104.545218352162
16,4,104.545218352162
16,5,104.545218352162
16,6,80.5215195100017
16,7,98.9106487450552
16,8,74.7812171642288
16,9,89.0595756025398
16,10,112.438143466794
16,11,99.8106690029285
16,12,113.354412184613
16,13,108.316299647424
16,14,80.1630550618794
16,15,82.4012920849064
16,16,100.90375737322
16,17,80.6243751727776
16,18,115.435268341757
16,19,76.7307535486839
16,20,82.1963075699406
16,21,79.905477728875
16,22,79.2535391398452
16,23,89.5705732926968
16,24,82.8872954993878
16,25,79.4609797544536
16,26,81.6216575727998
16,27,107.153487373746
16,28,93.571034348431
16,29,87.2848319331204
16,30,83.773859412037
16,31,83.7180697606834
16,32,107.536811413175
16,33,91.1129401235688
16,34,88.7557094198068
16,35,79.9108089221415
16,36,116.762470498481
16,37,79.2125832229517
16,38,80.3777813762054
16,39,123.617390214562
16,40,76.1201554816181
16,41,106.960098653661
16,42,81.3071636168186
16,43,81.7777175899829
16,44,77.9372173311003
16,45,75.3598091371281
16,46,103.727236175422
16,47,79.6690298938758
16,48,93.5057214493225
16,49,78.8747684774313
16,50,97.372374735098
16,51,84.9764317366522
16,52,78.3463535449681
16,53,118.098099094116
16,54,81.4498143779189
16,55,82.0180877520284
16,56,84.8749559231565
16,57,78.8624600448758
16,58,79.1745049920872
16,59,80.7961968514312
16,60,80.3742666384862
17,1,80.3742666384862
17,2,80.3742666384862
17,3,80.3742666384862
17,4,80.3742666384862
17,5,80.3742666384862
17,6,80.3742666384862
17,7,91.4161128361585
17,8,79.3132799377517
17,9,85.7724460298991
17,10,81.9759093999187
17,11,89.301006985744
17,12,98.9448964923529
17,13,89.8872930832586
17,14,88.2753305421231
17,15,82.6576732452174
17,16,97.5114639868758
17,17,76.1042288699279
17,18,79.9054834961415
17,19,78.8812445162507
17,20,90.746083367523
17,21,133.941770216812
17,22,80.6031362466737
17,23,78.0455140256281
17,24,113.256550540786
17,25,76.5705740369425
17,26,102.763169924197
17,27,98.5095786877836
17,28,89.8956272649087
17,29,76.932653244176
17,30,89.0502963788525
17,31,77.4234996518485
17,32,83.6317379421228
17,33,79.1997346568065
17,34,83.300349723534
17,35,97.6757574503287
17,36,80.0776225857667
17,37,74.9614444811756
17,38,96.7172389331951
17,39,74.4347023097749
17,40,132.398427062376
17,41,109.906247863778
17,42,104.379745424301
17,43,85.2006237290141
17,44,76.7056611293473
17,45,85.3803102369953
17,46,84.9989067755759
17,47,117.230928951488
17,48,100.219071086966
17,49,75.1052916236262
17,50,78.1068767622677
17,51,82.836592669272
17,52,78.2951663524478
17,53,81.1911314128256
17,54,84.1432842970301
17,55,114.951958399547
17,56,83.0437935320926
17,57,86.5160695318618
17,58,88.0768464954569
17,59,100.271846194174
17,60,92.2810184914544
18,1,92.2810184914544
18,2,92.2810184914544
18,3,92.2810184914544
18,4,92.2810184914544
18,5,92.2810184914544
18,6,80.8656469680772
18,7,107.322943428086
18,8,80.5451310061815
18,9,100.182764600368
18,10,114.905663084031
18,11,99.8505894124902
18,12,90.7276499017569
18,13,80.7495222237828
18,14,89.3878679276691
18,15,86.0855136802925
18,16,77.3564867634632
18,17,83.8251155204666
18,18,114.886731230174
18,19,118.43613705386
18,20,139.194298985127
18,21,80.4938871701327
18,22,76.3388126490817
18,23,110.725334612405
18,24,99.8415202674537
18,25,97.115901093525
18,26,92.2815543960866
18,27,77.029632911858
18,28,80.6227616818946
18,29,89.4015991246988
18,30,93.2737446700843
18,31,76.5033555489327
18,32,92.3768097273309
18,33,84.4745275801881
18,34,107.528693966317
18,35,87.295763659494
18,36,80.0019113195427
18,37,79.692323916299
18,38,87.1395606071264
18,39,77.951093367678
18,40,78.8321985546341
18,41,105.741822345759
18,42,79.7720052223687
18,43,99.2154216459512
18,44,90.3887188028818
18,45,102.983122345715
18,46,83.996602536734
18,47,105.944975815509
18,48,77.7733722361618
18,49,84.33185534229
18,50,124.374572693361
18,51,120.840035065554
18,52,109.798857633678
18,53,77.1094300568981
18,54,85.9080337561363
18,55,113.644106589185
18,56,85.2158146221226
18,57,76.8672886066872
18,58,80.3739550875468
18,59,109.78206121908
18,60,77.790262852968
19,1,77.790262852968
19,2,77.790262852968
19,3,77.790262852968
19,4,77.790262852968
19,5,85.71546468034
19,6,85.71546468034
19,7,113.600313959425
19,8,88.1858462536211
19,9,84.2149337636596
19,10,107.246697342564
19,11,82.4406481928185
19,12,98.469447964442
19,13,87.8531102905037
19,14,78.7165185056299
19,15,82.4284897878285
19,16,89.0829310746087
19,17,91.8961034233635
19,18,112.793016394333
19,19,83.8328508534735
19,20,95.5981136155622
19,21,92.430536159923
19,22,113.820377950859
19,23,98.458563350144
19,24,104.663360360496
19,25,82.8927058825846
19,26,87.4325276925874
19,27,82.80602563033
19,28,78.8659964958927
19,29,80.0492967460432
19,30,84.8059589051253
19,31,81.764284521301
19,32,77.4737804739352
19,33,80.3834255029298
19,34,92.7824144094028
19,35,81.2275000011332
19,36,77.4131331627039
19,37,129.728642332609
19,38,80.8780236136086
19,39,98.7986717107541
19,40,78.909256647192
19,41,86.2427912382444
19,42,75.9344839515872
19,43,77.1026112261685
19,44,79.5266583444466
19,45,83.6515741250994
19,46,87.1483987477163
19,47,82.8330710858806
19,48,81.6405890991414
19,49,99.817010980329
19,50,75.664725970459
19,51,80.5255715278131
19,52,87.4315154181581
19,53,126.057820348095
19,54,101.97885909919
19,55,78.2606533732542
19,56,98.5577130857449
19,57,78.2917654513602
19,58,85.5186768477514
19,59,79.1913984854415
19,60,75.0270009596877
20,1,75.0270009596877
20,2,75.0270009596877
20,3,75.0270009596877
20,4,1703.84766483893
20,5,1703.84766483893
20,6,90.5268902159011
20,7,107.665540905437
20,8,107.665540905437
20,9,106.509431830033
20,10,75.2785569916624
20,11,77.8131840664853
20,12,80.6714732514015
20,13,108.765046288619
20,14,107.196023691067
20,15,84.0463216238257
20,16,96.7466596285991
20,17,112.727536793362
20,18,108.59056489793
20,19,90.9476298055934
20,20,83.2060355714221
20,21,107.009846773719
20,22,81.4289311620425
20,23,109.695980344572
20,24,78.3499970703849
20,25,91.1926835384691
20,26,100.3089749086
20,27,77.952806709902
20,28,80.4605662184125
20,29,79.3938042478696
20,30,86.0281846494982
20,31,77.9306034977348
20,32,104.080372130954
20,33,111.864561228461
20,34,84.4201837810091
20,35,83.5673120260509
20,36,85.4900852938925
20,37,77.8776061010942
20,38,112.45189980849
20,39,79.5399636034616
20,40,91.3034336081892
20,41,77.3984880543413
20,42,94.8557092857776
20,43,125.426646633973
20,44,78.6046394973538
20,45,112.21088545699
20,46,84.247724041507
20,47,77.1746456274539
20,48,119.020715476787
20,49,89.6422077148233
20,50,82.8178873615192
20,51,78.7725920671824
20,52,83.2237360473814
20,53,76.7117000980016
20,54,84.4560579932757
20,55,83.3704554331633
20,56,136.336046112539
20,57,87.3278877556918
20,58,87.2774208657413
20,59,106.457528305119
20,60,114.500959707898
